smiles,additional comment,IsPolymerized,delta_FE(H2),delta_FE(CO),delta_FE(HCOOH),delta_FE(CH4),delta_FE(CH3OH),delta_FE(C1),delta_FE(C2H4),delta_FE(C2H6),delta_FE(C2H5OH),delta_FE(Acetaldehyde),delta_FE(CH3CO2H),delta_FE(C3H6),delta_FE(C3H7OH),delta_FE(AllylOH),delta_FE(C2+),typical voltage (V vs RHE),typical current density(mA/cm2),delta_current density ratio,Is Voltage reliable,Is current density reliable,typical pH,typicalelectrolyte,Setcurrent_density,cell type,ref,additional comments
O=C(C1=C(C(O)=O)C=C(C(O)=O)C(C(O)=O)=C1)O,MOF,No,NaN,NaN,0,NaN,0,NaN,0,0,8.2,0,44.5,0,0,0,52.7,-0.4,11.5,-0.041666667,Yes,Yes,neutral,KCl(0.1M),FALSE,H-Cell,"Nature Communications 2019, 10 (1), 3851. DOI: 10.1038/s41467-019-11599-7.",
O=C(C1=C(C(O)=O)C=C(C(O)=O)C(C(O)=O)=C1)O,MOF,No,NaN,NaN,0,NaN,0,NaN,0,0,34,0,6,0,0,0,40,-0.55,20,0.666666667,Yes,Yes,neutral,KCl(0.1M),FALSE,H-Cell,"Nature Communications 2019, 10 (1), 3851. DOI: 10.1038/s41467-019-11599-7.",
O=C(C1=CC=C(C(O)=O)C(C(O)=O)=C1)O,MOF,No,NaN,NaN,0,NaN,0,NaN,0,0,4,0,36,0,0,0,39.6,-0.4,8.1,-0.325,Yes,Yes,neutral,KCl(0.1M),FALSE,H-Cell,"Nature Communications 2019, 10 (1), 3851. DOI: 10.1038/s41467-019-11599-7.",
O=C(C1=CC(C(O)=O)=CC(C(O)=O)=C1)O,MOF,No,NaN,NaN,0,NaN,0,NaN,0,0,18,0,12,0,0,0,28.7,-0.4,7.3,-0.391666667,Yes,Yes,neutral,KCl(0.1M),FALSE,H-Cell,"Nature Communications 2019, 10 (1), 3851. DOI: 10.1038/s41467-019-11599-7.",
O=C(C1=CC=CC(C(O)=O)=C1C(O)=O)O,MOF,No,NaN,NaN,0,NaN,0,NaN,0,0,2,0,29,0,0,0,26.4,-0.4,7.4,-0.383333333,Yes,Yes,neutral,KCl(0.1M),FALSE,H-Cell,"Nature Communications 2019, 10 (1), 3851. DOI: 10.1038/s41467-019-11599-7.",
O=C(C1=C(C(O)=O)C=CC=N1)O,MOF,No,NaN,NaN,0,NaN,0,NaN,0,0,-3,0,25,0,0,0,22.2,-0.4,5.1,-0.575,Yes,Yes,neutral,KCl(0.1M),FALSE,H-Cell,"Nature Communications 2019, 10 (1), 3851. DOI: 10.1038/s41467-019-11599-7.",
O=C(C1=CC=C(C(O)=O)C=C1)O,MOF,No,NaN,NaN,0,NaN,0,NaN,0,0,-9,0,24,0,0,0,13.8,-0.4,2.8,-0.766666667,Yes,Yes,neutral,KCl(0.1M),FALSE,H-Cell,"Nature Communications 2019, 10 (1), 3851. DOI: 10.1038/s41467-019-11599-7.",
CS,,No,-20,2,-2,-2,0,-2,5,0,12,0,0,0,0,0,17,-1.2,1.3,0,Yes,No,neutral,NaHCO3(0.1M),FALSE,H-Cell,"ACS Catalysis 2020, 10 (24), 15238-15249. DOI: 10.1021/acscatal.0c04106.",
Cl[Fe]123<-N4=C5C=CC4=C(c4ccccc4)c4ccc(n41)C(c1ccccc1)=C1C=CC(=N->21)C(c1ccccc1)=c1ccc(n13)=C5c1ccccc1,,No,-2,-1,-2,0.5,0,-2.5,-11.5,0,11.8,0,-1,0,-2,0,-2.7,-0.8,124,0.409090909,Yes,Yes,weak base,KHCO3(1M),FALSE,GDE,"Nature Catalysis 2020, 3 (1), 75-82. DOI: 10.1038/s41929-019-0383-7.",
C1=CC2=N3->[Ni]45<-N6=C(C=CC6=C(c6ccccc6)c6ccc(n64)C(c4ccccc4)=C13)C(c1ccccc1)=c1ccc(n15)=C2c1ccccc1,,No,2,0,-3,-0.5,0,-3.5,-8,0,7.6,0,-3,0,0,0,-3.4,-0.8,100,0,Yes,No,weak base,KHCO3(1M),FALSE,GDE,"Nature Catalysis 2020, 3 (1), 75-82. DOI: 10.1038/s41929-019-0383-7.",estimated current density
C1(/C(C2=CC=CC=C2)=C(C=C/3)\NC3=C4\C5=CC=CC=C5)=N/C(C=C1)=C(C6=CC=CC=C6)\C7=CC=C(/C(C8=CC=CC=C8)=C9C=CC4=N/9)N7,,No,8,-2.5,-4.5,2.5,0,-4.5,-7,0,-1.4,0,-2,0,-4,0,-14.4,-0.8,100,0,Yes,No,weak base,KHCO3(1M),FALSE,GDE,"Nature Catalysis 2020, 3 (1), 75-82. DOI: 10.1038/s41929-019-0383-7.",estimated current density
Fc1c(F)c(F)c(C2=C3C=CC4=N3->[Fe]35(Cl)<-N6=C(C=CC6=C(c6c(F)c(F)c(F)c(F)c6F)c6ccc2n63)C(c2c(F)c(F)c(F)c(F)c2F)=c2ccc(n25)=C4c2c(F)c(F)c(F)c(F)c2F)c(F)c1F,,No,0,-1,-1,-0.5,0,-2.5,-12,0,8.6,0,-2,0,-3,0,-8.4,-0.8,100,0,Yes,No,weak base,KHCO3(1M),FALSE,GDE,"Nature Catalysis 2020, 3 (1), 75-82. DOI: 10.1038/s41929-019-0383-7.",estimated current density
COc1ccc(C2=C3C=CC4=N3->[Fe]35(Cl)<-N6=C(C=CC6=C(c6ccc(OC)cc6)c6ccc2n63)C(c2ccc(OC)cc2)=c2ccc(n25)=C4c2ccc(OC)cc2)cc1,,No,0,-2,-3,1.5,0,-3.5,-9,0,8.6,0,-2,0,-2,0,-4.4,-0.8,100,0,Yes,No,weak base,KHCO3(1M),FALSE,GDE,"Nature Catalysis 2020, 3 (1), 75-82. DOI: 10.1038/s41929-019-0383-7.",estimated current density
C1=CC2=N3->[Co]45<-N6=C(C=CC6=C(c6ccccc6)c6ccc(n64)C(c4ccccc4)=C13)C(c1ccccc1)=c1ccc(n15)=C2c1ccccc1,,No,-2,-2,-3,0.5,0,-4.5,-12,0,8.6,0,-3,0,0,0,-6.4,-0.8,100,0,Yes,No,weak base,KHCO3(1M),FALSE,GDE,"Nature Catalysis 2020, 3 (1), 75-82. DOI: 10.1038/s41929-019-0383-7.",estimated current density
CC1=CC=C(N2C=CC(C3C=CN(C4=CC=C(C)C=C4)C=C3)C=C2)C=C1.CC1=CC=C(N2C(C3C=CC=CN3C4=CC=C(C)C=C4)C=CC=C2)C=C1,,No,2.4,-19.4,-0.9,0.2,0,-20.1,20.7,0,1.2,0,2.3,0,0,0,24.2,-0.83,300,0,Yes,No,weak base,KHCO3(1M),FALSE,GDE," Nature 2020, 577 (7791), 509-513",estimated current density
COC1=CC=C(N2C=CC(C3C=CN(C4=CC=C(OC)C=C4)C=C3)C=C2)C=C1.COC1=CC=C(N2C(C3C=CC=CN3C4=CC=C(OC)C=C4)C=CC=C2)C=C1,,No,4.6,-15.9,-1,0.4,0,-16.5,13.4,0,0.7,0,0.7,0,-0.3,0,14.5,-0.83,300,0,Yes,No,weak base,KHCO3(1M),FALSE,GDE," Nature 2020, 577 (7791), 509-513",estimated current density
ClC1=CC=C(N2C=CC(C3C=CN(C4=CC=C(Cl)C=C4)C=C3)C=C2)C=C1.ClC1=CC=C(N2C(C3C=CC=CN3C4=CC=C(Cl)C=C4)C=CC=C2)C=C1,,No,-0.4,-18.4,0.2,1.7,0,-16.5,19.2,0,2.1,0,-0.1,0,2.6,0,23.8,-0.83,300,0,Yes,No,weak base,KHCO3(1M),FALSE,GDE," Nature 2020, 577 (7791), 509-513",estimated current density
C1(N2C=CC(C3C=CN(C4=CC=CC=C4)C=C3)C=C2)=CC=CC=C1.C1(N2C(C3C=CC=CN3C4=CC=CC=C4)C=CC=C2)=CC=CC=C1,,No,5,-18.4,-1.7,0.4,0,-19.7,16,0,0.1,0,-0.1,0,0.4,0,16.4,-0.84,300,0,Yes,No,weak base,KHCO3(1M),FALSE,GDE," Nature 2020, 577 (7791), 509-513",estimated current density
NC1=CC=C(N2C=CC(C3C=CN(C4=CC=C(N)C=C4)C=C3)C=C2)C=C1.NC1=CC=C(N2C(C3C=CC=CN3C4=CC=C(N)C=C4)C=CC=C2)C=C1,,No,16.7,-19.9,0.4,0.3,0,-19.2,6.5,0,0.1,0,1.6,0,0.6,0,8.8,-0.82,300,0,Yes,No,weak base,KHCO3(1M),FALSE,GDE," Nature 2020, 577 (7791), 509-513",estimated current density
CN(C)C1=CC=C(N2C=CC(C3C=CN(C4=CC=C(N(C)C)C=C4)C=C3)C=C2)C=C1.CN(C)C1=CC=C(N2C(C3C=CC=CN3C4=CC=C(N(C)C)C=C4)C=CC=C2)C=C1,,No,19.3,-21.3,-1.5,2.1,0,-20.7,0,0,3.2,0,3,0,-1,0,5.2,-0.83,300,0,Yes,No,weak base,KHCO3(1M),FALSE,GDE," Nature 2020, 577 (7791), 509-513",estimated current density
CC1=CC=C(N2C=CC(C3(C)C=CN(C4=CC=C(C)C=C4)C=C3)(C)C=C2)C=C1.CC1=CC=C(N2C(C3C=C(C)C=CN3C4=CC=C(C)C=C4)C=C(C)C=C2)C=C1,,No,2,-14.6,-1.2,0.7,0,-15.1,13.1,0,0.7,0,0.9,0,0.4,0,15.1,-0.83,300,0,Yes,No,weak base,KHCO3(1M),FALSE,GDE," Nature 2020, 577 (7791), 509-513",estimated current density
CC(C=C1)(C2(C)C=CN(C3=CC=C(C(F)(F)F)C=C3)C=C2)C=CN1C4=CC=C(C(F)(F)F)C=C4.CC(C=C1)=CC(C2C=C(C)C=CN2C3=CC=C(C(F)(F)F)C=C3)N1C4=CC=C(C(F)(F)F)C=C4,,No,7.1,-12.2,-1.5,0.6,0,-13.1,11.2,0,-3.8,0,0.8,0,0.2,0,8.4,-0.84,300,0,Yes,No,weak base,KHCO3(1M),FALSE,GDE," Nature 2020, 577 (7791), 509-513",estimated current density
CC1=CC=C(N2C=CC(C3(C(C)(C)C)C=CN(C4=CC=C(C)C=C4)C=C3)(C(C)(C)C)C=C2)C=C1.CC1=CC=C(N2C(C3C=C(C(C)(C)C)C=CN3C4=CC=C(C)C=C4)C=C(C(C)(C)C)C=C2)C=C1,,No,7.9,-12.1,-1.6,0.1,0,-13.6,11.3,0,-3,0,0.2,0,0.7,0,9.2,-0.83,300,0,Yes,No,weak base,KHCO3(1M),FALSE,GDE," Nature 2020, 577 (7791), 509-513",estimated current density
CC1=CC=C(N2C=CC(C3(OC)C=CN(C4=CC=C(C)C=C4)C=C3)(OC)C=C2)C=C1.CC1=CC=C(N2C(C3C=C(OC)C=CN3C4=CC=C(C)C=C4)C=C(OC)C=C2)C=C1,,No,16.5,-20.1,-1.7,1,0,-20.8,7.9,0,-1.9,0,0.1,0,0.3,0,6.4,-0.83,300,0,Yes,No,weak base,KHCO3(1M),FALSE,GDE," Nature 2020, 577 (7791), 509-513",estimated current density
CC1=CC=C(N2C=CC(C3(N(C)C)C=CN(C4=CC=C(C)C=C4)C=C3)(N(C)C)C=C2)C=C1.CC1=CC=C(N2C(C3C=C(N(C)C)C=CN3C4=CC=C(C)C=C4)C=C(N(C)C)C=C2)C=C1,,No,31.2,-21.2,0.6,0.2,0,-20.4,-6.4,0,-1.6,0,-0.3,0,2.3,0,-6,-0.82,300,0,Yes,No,weak base,KHCO3(1M),FALSE,GDE," Nature 2020, 577 (7791), 509-513",estimated current density
C1([N+]2=CC=CC=C2)=CC=C(N3C=CC(C4C=CN(C5=CC=C([N+]6=CC=CC=C6)C=C5)C=C4)C=C3)C=C1.C1([N+]2=CC=CC=C2)=CC=C(N3C(C4C=CC=CN4C5=CC=C([N+]6=CC=CC=C6)C=C5)C=CC=C3)C=C1,,No,1.1,-20.2,-1.9,0.4,0,-21.7,27.6,0,-5,0,0.3,0,1.8,0,24.7,-0.83,322,-0.112947658,Yes,Yes,weak base,KHCO3(1M),FALSE,GDE," Nature 2020, 577 (7791), 509-513",
CC1=CC=C(N2C=CC(C3C=CN(C4=CC=C(C)C=C4)C=C3)C=C2)C=C1.CC1=CC=C(N2C(C3C=CC=CN3C4=CC=C(C)C=C4)C=CC=C2)C=C1,,No,-27.3,0.1,1.8,-19.2,0,-17.3,28.1,0,23.4,0,0,0,4.3,0,55.8,-0.83,1.02,-0.771300448,Yes,Yes,weak base,KHCO3(0.1M),FALSE,H-Cell,"ACS Cent. Sci. 2017, 3, 8, 853–859",
ClC1=CC=C(N2C=CC(C3C=CN(C4=CC=C(Cl)C=C4)C=C3)C=C2)C=C1.ClC1=CC=C(N2C(C3C=CC=CN3C4=CC=C(Cl)C=C4)C=CC=C2)C=C1,,No,-21,0.8,5.4,-17.1,0,-10.9,16.9,0,22.4,0,0,0,-2.8,0,36.5,-0.83,0.7,-0.843049327,Yes,Yes,weak base,KHCO3(0.1M),FALSE,H-Cell,"ACS Cent. Sci. 2017, 3, 8, 853–859",
COC1=CC=C(N2C=CC(C3C=CN(C4=CC=C(OC)C=C4)C=C3)C=C2)C=C1.COC1=CC=C(N2C(C3C=CC=CN3C4=CC=C(OC)C=C4)C=CC=C2)C=C1,,No,-26.2,0.4,5.9,-19.9,0,-13.6,25.3,0,15.1,0,0,0,5.9,0,46.3,-0.83,1.46,-0.67264574,Yes,Yes,weak base,KHCO3(0.1M),FALSE,H-Cell,"ACS Cent. Sci. 2017, 3, 8, 853–859",
CN(C)C1=CC=C(N2C=CC(C3C=CN(C4=CC=C(N(C)C)C=C4)C=C3)C=C2)C=C1.CN(C)C1=CC=C(N2C(C3C=CC=CN3C4=CC=C(N(C)C)C=C4)C=CC=C2)C=C1,,No,-30.4,0.4,4.1,-20.1,0,-15.6,28.4,0,19.5,0,0,0,5.8,0,53.7,-0.83,1.34,-0.69955157,Yes,Yes,weak base,KHCO3(0.1M),FALSE,H-Cell,"ACS Cent. Sci. 2017, 3, 8, 853–859",
CC(C)(C)C1=CC=C(N2C=CC(C3C=CN(C4=CC=C(C(C)(C)C)C=C4)C=C3)C=C2)C=C1.CC(C)(C)C1=CC=C(N2C(C3C=CC=CN3C4=CC=C(C(C)(C)C)C=C4)C=CC=C2)C=C1,,No,9.3,2,2.2,-18.1,0,-13.9,5.8,0,8.8,0,0,0,-2.8,0,11.8,-0.83,1.4,-0.686098655,Yes,Yes,weak base,KHCO3(0.1M),FALSE,H-Cell,"ACS Cent. Sci. 2017, 3, 8, 853–859",
CC1=CC=C(N2C=CC(C3(C4=CC=CC=C4)C=CN(C5=CC=C(C)C=C5)C=C3)(C6=CC=CC=C6)C=C2)C=C1.CC1=CC=C(N2C(C3C=C(C4=CC=CC=C4)C=CN3C5=CC=C(C)C=C5)C=C(C6=CC=CC=C6)C=C2)C=C1,,No,-32.8,1.4,8.3,-20.13,0,-10.43,21.2,0,19.9,0,0,0,9,0,50.1,-0.83,1.1,-0.753363229,Yes,Yes,weak base,KHCO3(0.1M),FALSE,H-Cell,"ACS Cent. Sci. 2017, 3, 8, 853–859",
CCCCN1C=CC(C2C=CN(CCCC)C=C2)C=C1.CCCCN1C(C2C=CC=CN2CCCC)C=CC=C1,,No,7.7,0.9,5.9,-15.1,0,-8.3,-10.7,0,-7.2,0,0,0,2.5,0,-15.4,-0.83,3.32,-0.255605381,Yes,Yes,weak base,KHCO3(0.1M),FALSE,H-Cell,"ACS Cent. Sci. 2017, 3, 8, 853–859",
C1(C2C=CNC=C2)C=CNC=C1.C1(C2C=CC=CN2)NC=CC=C1,,No,45.7,-1.3,0.9,-19.8,0,-20.2,-12.3,0,-7.2,0,0,0,-0.7,0,-20.2,-0.83,6.28,0.408071749,Yes,Yes,weak base,KHCO3(0.1M),FALSE,H-Cell,"ACS Cent. Sci. 2017, 3, 8, 853–859",
C1(N2C=CC(C3C=CN(C4=CC=NC=C4)C=C3)C=C2)=CC=NC=C1.C1(N2C(C3C=CC=CN3C4=CC=NC=C4)C=CC=C2)=CC=NC=C1,,No,23.1,-1.5,4.8,-20.16,0,-16.86,-12.4,0,-7.2,0,0,0,-2.8,0,-22.4,-0.83,2.95,-0.338565022,Yes,Yes,weak base,KHCO3(0.1M),FALSE,H-Cell,"ACS Cent. Sci. 2017, 3, 8, 853–859",
CN1C=CC(C2(C3=CC=[N+](C)C=C3)C=CN(C)C=C2)(C4=CC=[N+](C)C=C4)C=C1.CN1C(C2C=C(C3=CC=[N+](C)C=C3)C=CN2C)C=C(C4=CC=[N+](C)C=C4)C=C1,,No,-14.2,-1,4.3,-20.2,0,-16.9,-9.2,0,-7.2,0,0,0,-2.8,0,-19.2,-0.83,0.97,-0.782511211,Yes,Yes,weak base,KHCO3(0.1M),FALSE,H-Cell,"ACS Cent. Sci. 2017, 3, 8, 853–859",
C1(N2C=CC(C3(C4=CC=[N+](C5=CC=CC=C5)C=C4)C=CN(C6=CC=CC=C6)C=C3)(C7=CC=[N+](C8=CC=CC=C8)C=C7)C=C2)=CC=CC=C1.C1(N2C(C3C=C(C4=CC=[N+](C5=CC=CC=C5)C=C4)C=CN3C6=CC=CC=C6)C=C(C7=CC=[N+](C8=CC=CC=C8)C=C7)C=C2)=CC=CC=C1,,No,18.8,-1.4,0.8,-16,0,-16.6,-8.4,0,-7.2,0,0,0,-2.8,0,-18.4,-0.83,4.03,-0.096412556,Yes,Yes,weak base,KHCO3(0.1M),FALSE,H-Cell,"ACS Cent. Sci. 2017, 3, 8, 853–859",
CN(C)C1=CC2=[S+]C3=C(N=C2C=C1)C=CC(N(C)C)=C3,,Yes,33.8,-1.2,-3.4,-20.19,0,-24.79,-12.33,0,-7.2,0,0,0,-2.8,0,-22.33,-0.83,6.44,0.443946188,Yes,Yes,weak base,KHCO3(0.1M),FALSE,H-Cell,"ACS Cent. Sci. 2017, 3, 8, 853–859",
CC(C=C1C)=CC(C)=C1N2C=[N+](C3=C(C)C=C(C)C=C3C)C=C2,,Yes,48.5,-1.4,0.6,-20,0,-20.8,-12.39,0,-7.2,0,0,0,-2.8,0,-22.39,-0.83,4.2,-0.058295964,Yes,Yes,weak base,KHCO3(0.1M),FALSE,H-Cell,"ACS Cent. Sci. 2017, 3, 8, 853–859",
NCC(O)=O,,No,-24,0.2,0,0,0,0.2,6.8,9.4,0,0,0,0.1,0,0,16.3,-1.3,11,-0.153846154,Yes,Yes,weak base,KHCO3(0.1M),FALSE,H-Cell,"Energy Environ. Sci., 2016,9, 1687-1695",
NC(CC(C)C)C(O)=O,,No,-3.8,-0.1,0,0,0,-0.1,0.2,1.3,0,0,0,0,0,0,1.5,-1.3,10,0,Yes,No,weak base,KHCO3(0.1M),FALSE,H-Cell,"Energy Environ. Sci., 2016,9, 1687-1695",estimated current density
NC(CC1=CC=CC=C1)C(O)=O,,No,-8.9,0,0,0,0,0,2.9,6.3,0,0,0,0.1,0,0,9.3,-1.3,10,0,Yes,No,weak base,KHCO3(0.1M),FALSE,H-Cell,"Energy Environ. Sci., 2016,9, 1687-1695",estimated current density
NC(CCC/N=C(N)\N)C(O)=O,,No,-13,0,0,0,0,0,2.4,3.4,0,0,0,0,0,0,5.8,-1.3,10,0,Yes,No,weak base,KHCO3(0.1M),FALSE,H-Cell,"Energy Environ. Sci., 2016,9, 1687-1695",estimated current density
NC(C)C(O)=O,,No,-9.4,0,0,0,0,0,2.9,3.6,0,0,0,0,0,0,6.5,-1.3,10,0,Yes,No,weak base,KHCO3(0.1M),FALSE,H-Cell,"Energy Environ. Sci., 2016,9, 1687-1695",estimated current density
NC(CC1=CC=C(O)C=C1)C(O)=O,,No,-3.9,0,0,0,0,0,2.9,0.1,0,0,0,0.1,0,0,3.1,-1.3,10,0,Yes,No,weak base,KHCO3(0.1M),FALSE,H-Cell,"Energy Environ. Sci., 2016,9, 1687-1695",estimated current density
O=C(C1=CC=CC=C1)O,,No,3.4,-0.2,0,0,0,-0.2,-2.2,0.4,0,0,0,-0.1,0,0,-1.9,-1.3,10,0,Yes,No,weak base,KHCO3(0.1M),FALSE,H-Cell,"Energy Environ. Sci., 2016,9, 1687-1695",estimated current density
O=[N+](C1=CC=CC=C1)[O-],,No,0.9,0.1,0,0,0,0.1,-3.5,-4.4,0,0,0,0,0,0,-7.9,-1.3,10,0,Yes,No,weak base,KHCO3(0.1M),FALSE,H-Cell,"Energy Environ. Sci., 2016,9, 1687-1695",estimated current density
O=C(C1=C2C=CC=C1)C3=C(C=CC=C3)C2=O,,No,6.9,0,0,0,0,0,-4,-5,0,0,0,0,0,0,-9,-1.3,10,0,Yes,No,weak base,KHCO3(0.1M),FALSE,H-Cell,"Energy Environ. Sci., 2016,9, 1687-1695",estimated current density
SC1=CC=CC=C1,,No,-1.9,0.1,0,0,0,0.1,-3.1,-1.5,0,0,0,-0.1,0,0,-4.7,-1.3,10,0,Yes,No,weak base,KHCO3(0.1M),FALSE,H-Cell,"Energy Environ. Sci., 2016,9, 1687-1695",estimated current density
NCC(O)=O,,No,-32.1,-0.5,0,16,0,15.5,14.5,0,0,0,0,0,0,0,14.5,-1.3,10,0,Yes,No,weak base,KHCO3(0.1M),FALSE,H-Cell,"Energy Environ. Sci., 2016,9, 1687-1695",estimated current density
NC(CC(C)C)C(O)=O,,No,-1,0.6,0,-4.1,0,-3.5,0.7,0,0,0,0,0,0,0,0.7,-1.2,10,0,Yes,No,weak base,KHCO3(0.1M),FALSE,H-Cell,"Energy Environ. Sci., 2016,9, 1687-1695",estimated current density
NC(CC1=CC=C(O)C=C1)C(O)=O,,No,-9.8,-0.3,0,5.2,0,4.9,4.4,0,0,0,0,0,0,0,4.4,-1.3,10,0,Yes,No,weak base,KHCO3(0.1M),FALSE,H-Cell,"Energy Environ. Sci., 2016,9, 1687-1695",estimated current density
NC(CCC/N=C(N)\N)C(O)=O,,No,-11.7,-0.3,0,5.6,0,5.3,7.8,0,0,0,0,0,0,0,7.8,-1.2,10,0,Yes,No,weak base,KHCO3(0.1M),FALSE,H-Cell,"Energy Environ. Sci., 2016,9, 1687-1695",estimated current density
NC(C)C(O)=O,,No,-25.2,1.8,0,9.4,0,11.2,8.9,0,0,0,0,0,0,0,8.9,-1.3,10,0,Yes,No,weak base,KHCO3(0.1M),FALSE,H-Cell,"Energy Environ. Sci., 2016,9, 1687-1695",estimated current density
NC(CC1=CC=CC=C1)C(O)=O,,No,-20.1,1.3,0,13.2,0,14.5,2.3,0,0,0,0,0,0,0,2.3,-1.2,10,0,Yes,No,weak base,KHCO3(0.1M),FALSE,H-Cell,"Energy Environ. Sci., 2016,9, 1687-1695",estimated current density
O=C(C1=CC=CC=C1)O,,No,-1.2,2.8,0,-3.7,0,-0.9,0.9,0,0,0,0,0,0,0,0.9,-1.3,10,0,Yes,No,weak base,KHCO3(0.1M),FALSE,H-Cell,"Energy Environ. Sci., 2016,9, 1687-1695",estimated current density
O=[N+](C1=CC=CC=C1)[O-],,No,13.8,0.8,0,-8.8,0,-8,-4.3,0,0,0,0,0,0,0,-4.3,-1.3,10,0,Yes,No,weak base,KHCO3(0.1M),FALSE,H-Cell,"Energy Environ. Sci., 2016,9, 1687-1695",estimated current density
O=C(C1=C2C=CC=C1)C3=C(C=CC=C3)C2=O,,No,7.8,2.4,0,-8.4,0,-6,-4.4,0,0,0,0,0,0,0,-4.4,-1.3,10,0,Yes,No,weak base,KHCO3(0.1M),FALSE,H-Cell,"Energy Environ. Sci., 2016,9, 1687-1695",estimated current density
SC1=CC=CC=C1,,No,4.2,0.7,0,-2.9,0,-2.2,-0.5,0,0,0,0,0,0,0,-0.5,-1.3,10,0,Yes,No,weak base,KHCO3(0.1M),FALSE,H-Cell,"Energy Environ. Sci., 2016,9, 1687-1695",estimated current density
NCC(O)=O,,No,-17.8,0,0,3.9,0,3.9,12.4,-0.3,0,0,0,0,0,0,12.1,-1.2,10,0,Yes,No,weak base,KHCO3(0.1M),FALSE,H-Cell,"Energy Environ. Sci., 2016,9, 1687-1695",estimated current density
NC(CCC/N=C(N)\N)C(O)=O,,No,-7.4,-0.1,0,5.3,0,5.2,3.7,-0.5,0,0,0,0,0,0,3.2,-1.3,10,0,Yes,No,weak base,KHCO3(0.1M),FALSE,H-Cell,"Energy Environ. Sci., 2016,9, 1687-1695",estimated current density
NC(CC(C)C)C(O)=O,,No,-5.1,0.1,0,0.7,0,0.8,0.5,-0.2,0,0,0,0,0,0,0.3,-1.3,10,0,Yes,No,weak base,KHCO3(0.1M),FALSE,H-Cell,"Energy Environ. Sci., 2016,9, 1687-1695",estimated current density
NC(CC1=CC=C(O)C=C1)C(O)=O,,No,-8.5,0.1,0,1.7,0,1.8,1.9,-0.2,0,0,0,0,0,0,1.7,-1.3,10,0,Yes,No,weak base,KHCO3(0.1M),FALSE,H-Cell,"Energy Environ. Sci., 2016,9, 1687-1695",estimated current density
NC(CC1=CC=CC=C1)C(O)=O,,No,-16.8,0.2,0,0.9,0,1.1,9.8,0.4,0,0,0,0,0,0,10.2,-1.3,10,0,Yes,No,weak base,KHCO3(0.1M),FALSE,H-Cell,"Energy Environ. Sci., 2016,9, 1687-1695",estimated current density
NC(C)C(O)=O,,No,-17,0.2,0,2.2,0,2.4,9.2,0,0,0,0,0,0,0,9.2,-1.3,10,0,Yes,No,weak base,KHCO3(0.1M),FALSE,H-Cell,"Energy Environ. Sci., 2016,9, 1687-1695",estimated current density
F/C(F)=C(F)\F.F/C(OC(C(CC(F)(C(F)(S(=O)(O)=O)F)F)(F)C(F)(F)F)(F)F)=C(F)\F,nafion,Yes,0,-17,-18,68,0,33,0,0,0,0,0,0,0,0,0,-0.89,3.1,2.875,Yes,Yes,weak base,NaHCO3(0.1M),FALSE,H-Cell,"Energy & Environmental Science 2020, 13 (10), 3567-3578",
NC1=CC=CC=C1,,Yes,-15,-2,-4,-9,0,-15,23,0,5,0,0,0,2,0,30,-1.2,5.3,1.304347826,Yes,Yes,weak base,KHCO3(0.1M),FALSE,H-Cell,ACS Catalysis 2020. DOI: 10.1021/acscatal.0c00049.,
CN(C)C1=C2C(C=CC=C2N(C)C)=CC=C1,,No,0,-51,-8,0,0,-59,36,0,14,0,2,0,5,0,57,-1.2,200,0,No,No,weak base,KHCO3(1M),TRUE,GDE, Joule 2021. DOI: https://doi.org/10.1016/j.joule.2021.12.002,estimated voltage
C12=NCCCN1CCCN2,,No,0,-39,-1,0,0,-40,17,0,11,0,2,0,5,0,35,-1.2,200,0,No,No,weak base,KHCO3(1M),TRUE,GDE, Joule 2021. DOI: https://doi.org/10.1016/j.joule.2021.12.002,estimated voltage
CN(C)/C(N(C)C)=N/C1=C2C(C=CC=C2/N=C(N(C)C)/N(C)C)=CC=C1,,No,0,-52,-9,0,0,-61,26,0,22,0,3,0,2,0,53,-1.2,200,0,No,No,weak base,KHCO3(1M),TRUE,GDE, Joule 2021. DOI: https://doi.org/10.1016/j.joule.2021.12.002,estimated voltage
CN(C)C1=C2C(C=CC=C2)=CC=C1,,No,0,6,1,0,0,7,-4,0,-1,0,0,0,0,0,-5,-1.2,200,0,No,No,weak base,KHCO3(1M),TRUE,GDE, Joule 2021. DOI: https://doi.org/10.1016/j.joule.2021.12.002,estimated voltage
NC1=CC=CC=C1,,Yes,-21,-6,0,2,0,-4,32,0,0,0,0,0,0,0,32,-1.2,30,-0.142857143,Yes,Yes,neutral,KCl(0.1M),FALSE,H-Cell,"Angewandte Chemie International Edition 2021, n/a (n/a), https://doi.org/10.1002/anie.202102193",estimated current density
C1=CC=CN1,,Yes,-25,-5,0,0,0,-5,21,0,0,0,0,0,0,0,21,-1.2,30,-1,Yes,No,neutral,KCl(0.1M),FALSE,H-Cell,"Angewandte Chemie International Edition 2021, n/a (n/a), https://doi.org/10.1002/anie.202102193",estimated current density
C1=CC=CS1,,Yes,-27,-4,0,0,0,-4,16,0,0,0,0,0,0,0,16,-1.2,30,-1,Yes,No,neutral,KCl(0.1M),FALSE,H-Cell,"Angewandte Chemie International Edition 2021, n/a (n/a), https://doi.org/10.1002/anie.202102193",estimated current density
C1=CC=CN1 / NC1=CC=CC=C1,,Yes,-30,-5,0,2,0,-3,19,0,0,0,0,0,0,0,19,-1.2,30,-1,Yes,No,neutral,KCl(0.1M),FALSE,H-Cell,"Angewandte Chemie International Edition 2021, n/a (n/a), https://doi.org/10.1002/anie.202102193",estimated current density
C1=CC=CS1 / NC1=CC=CC=C1,,Yes,-6,-6,0,0,0,-6,6,0,0,0,0,0,0,0,6,-1.2,30,-1,Yes,No,neutral,KCl(0.1M),FALSE,H-Cell,"Angewandte Chemie International Edition 2021, n/a (n/a), https://doi.org/10.1002/anie.202102193",estimated current density
F/C(F)=C(F)\F.F/C(OC(C(CC(F)(C(F)(S(=O)(O)=O)F)F)(F)C(F)(F)F)(F)F)=C(F)\F,nafion,Yes,-14,-0.5,5,-12.5,0,-8,-13,0,18,0,0,0,0,6,11,-1.15,14,-0.066666667,Yes,Yes,weak base,CsHCO3(0.1M),FALSE,GDE, Nature Energy 2021. DOI: 10.1038/s41560-021-00920-8.,
C=CC1=CC=CC=C1.CN1C=[N+](C)C=C1,sustanion,Yes,-5,1,1,-5,0,-3,-1,0,0,0,0,0,0,2,1,-1.15,23,0.533333333,Yes,Yes,weak base,CsHCO3(0.1M),FALSE,GDE, Nature Energy 2021. DOI: 10.1038/s41560-021-00920-8.,
C12=CC=C[N+]3=C1C4=C(C=CC=[N+]4CC3)C=C2,,Yes,-8,-2,-12,-28,0,-42,26,0,11,2,0,0,0,0,39,-1.1,7.5,-0.166666667,Yes,Yes,weak base,KHCO3(0.1M),FALSE,H-Cell,ACS Central Science 2021. DOI: 10.1021/acscentsci.1c00860.,
C=C(F)F,,Yes,-6,3,0,3,0,6,13,0,0,0,0,0,0,0,13,-1.22,15.5,-0.03125,Yes,Yes,weak base,KHCO3(0.5M),FALSE,H-Cell,"ACS Catalysis 2021, 11 (2), 958-966. DOI: 10.1021/acscatal.0c03766.",
CCCCCCCCCCCCCCCCCCS,,No,-16,6.5,-4,23,0,25.5,1,0,-4,0,0.5,0,-2,0,-4.5,-1.2,30,-0.7,Yes,Yes,weak base,KHCO3(0.5M),FALSE,GDE,"ACS Appl. Mater. Interfaces 2021, 13, 40, 47619–47628",
CCCCCCCCCCCCCCCCCCS,,No,-59,2.78613,-5.39985,6.87187,0,4.25815,47.16735,-0.47805,12.44323,0,0.86083,0,-1.9986,0,57.99476,-1,30,0,No,No,weak base,CsHCO3(0.1M),TRUE,H-Cell,"Nature Materials volume 18, pages1222–1227 (2019)",estimated voltage
CCCCCCCCN1C=C[N+](CC2=CC=C(C=C2)[N+]([O-])=O)=C1,,No,-16,1,9,8,0,18,2,0,-2,0,0,0,-3,0,-3,-1.2,0.5,0.086956522,Yes,Yes,weak base,KHCO3(0.1M),FALSE,H-Cell,"Inorganic Chemistry 2021, 60 (10), 6939-6945.",
C=CC(C1)C(CN2C=[N+](C)C=C2)CC1/C=C/C3=CC=CC=C3,,Yes,54.9,-0.5,-1.1,-24.1,0,-25.7,-22.3,0,-5.9,0,0,0,-1.4,0,-29.6,-1.04,12.2,1.337164751,Yes,Yes,weak base,KHCO3(0.1M),FALSE,H-Cell,Journal of the American Chemical Society 2021. DOI: 10.1021/jacs.0c12478.,
C=CC(C1)C(CN2C(C3=CC=CC=C3)=[N+](C)C=C2)CC1/C=C/C4=CC=CC=C4,,Yes,29.6,0.5,4.8,-11.5,0,-6.2,-17,0,-5.9,0,0,0,-1.4,0,-24.3,-1.08,3.9,-0.252873563,Yes,Yes,weak base,KHCO3(0.1M),FALSE,H-Cell,Journal of the American Chemical Society 2021. DOI: 10.1021/jacs.0c12478.,
C=CC(C1)C(CN2C=[N+](C)C(C3=CC=CC=C3)=C2C4=CC=CC=C4)CC1/C=C/C5=CC=CC=C5,,Yes,-1.9,2.3,9.3,-11.6,0,0,-0.8,0,-2.5,0,0,0,1.2,0,-2.1,-1.08,2.75,-0.473180077,Yes,Yes,weak base,KHCO3(0.1M),FALSE,H-Cell,Journal of the American Chemical Society 2021. DOI: 10.1021/jacs.0c12478.,
C=CC(C1)C(CN2C(C3=CC=CC=C3)=[N+](C)C(C4=CC=CC=C4)=C2C5=CC=CC=C5)CC1/C=C/C6=CC=CC=C6,,Yes,-5.6,-0.1,2,7.5,0,9.4,-3.3,0,-2,0,0,0,0.4,0,-4.9,-1.08,4.04,-0.22605364,Yes,Yes,weak base,KHCO3(0.1M),FALSE,H-Cell,Journal of the American Chemical Society 2021. DOI: 10.1021/jacs.0c12478.,
C=CC(C1)C(CNC(NC2=CC(C(F)(F)F)=CC(C(F)(F)F)=C2)=O)CC1/C=C/C3=CC=CC=C3,,Yes,-6.1,0,-0.7,2.5,0,1.8,3.2,0,0.1,0,0,0,-0.3,0,3,-1.08,4.64,-0.111111111,Yes,Yes,weak base,KHCO3(0.1M),FALSE,H-Cell,Journal of the American Chemical Society 2021. DOI: 10.1021/jacs.0c12478.,
C=CC(C1)C(CNC(NC2=CC(C(F)(F)F)=CC(C(F)(F)F)=C2)=O)CC1/C=C/C3=CC=CC=C3.C=CC(C1)C(CN2C=[N+](C)C(C3=CC=CC=C3)=C2C4=CC=CC=C4)CC1/C=C/C5=CC=CC=C5,,Yes,-7.2,0.6,-0.8,-3.3,0,-3.5,8.1,0,3.4,0,0,0,-0.4,0,11.1,-1.08,4.92,-0.057471264,Yes,Yes,weak base,KHCO3(0.1M),FALSE,H-Cell,Journal of the American Chemical Society 2021. DOI: 10.1021/jacs.0c12478.,
C=CC(C1)C(CNC(NC2=CC(C(F)(F)F)=CC(C(F)(F)F)=C2)=O)CC1/C=C/C3=CC=CC=C3.C=CC(C1)C(CN2C=[N+](C)C(C3=CC=CC=C3)=C2C4=CC=CC=C4)CC1/C=C/C5=CC=CC=C5.C=CC(C1)C(COCC2=CC=CC=[N+]2C3=CC=CC=C3)CC1/C=C/C4=CC=CC=C4,,Yes,-23.2,0.7,0.4,-20.9,0,-19.8,27.2,0,10.1,0,0,0,1.8,0,39.1,-1.08,4.11,-0.212643678,Yes,Yes,weak base,KHCO3(0.1M),FALSE,H-Cell,Journal of the American Chemical Society 2021. DOI: 10.1021/jacs.0c12478.,
C=CC1CC(/C=C/C2=CC=CC=C2)CC1CCNC(NC3=CC(C(F)(F)F)=CC(C(F)(F)F)=C3)=O.C=CC(C1)C(CN2C=[N+](C)C(C3=CC=CC=C3)=C2C4=CC=CC=C4)CC1/C=C/C5=CC=CC=C5.C=CC(C1)C(COCC2=CC=CC=[N+]2C3=CC=CC=C3)CC1/C=C/C4=CC=CC=C4,,Yes,-27.8,0.2,0.1,-23.7,0,-23.4,33.3,0,11.5,0,0,0,2.9,0,47.7,-1.08,4.66,-0.107279693,Yes,Yes,weak base,KHCO3(0.1M),FALSE,H-Cell,Journal of the American Chemical Society 2021. DOI: 10.1021/jacs.0c12478.,
C=CC1CC(/C=C/C2=CC=CC=C2)CC1CCCNC(NC3=CC(C(F)(F)F)=CC(C(F)(F)F)=C3)=O.C=CC(C1)C(CN2C=[N+](C)C(C3=CC=CC=C3)=C2C4=CC=CC=C4)CC1/C=C/C5=CC=CC=C5.C=CC(C1)C(COCC2=CC=CC=[N+]2C3=CC=CC=C3)CC1/C=C/C4=CC=CC=C4,,Yes,-20.5,-0.1,-0.9,-22.8,0,-23.8,31.5,0,9.6,0,0,0,0.7,0,41.8,-1.08,5.06,-0.030651341,Yes,Yes,weak base,KHCO3(0.1M),FALSE,H-Cell,Journal of the American Chemical Society 2021. DOI: 10.1021/jacs.0c12478.,
C=CC1CC(/C=C/C2=CC=CC=C2)CC1CNC(NC3CCCCC3)=O.C=CC(C1)C(CN2C=[N+](C)C(C3=CC=CC=C3)=C2C4=CC=CC=C4)CC1/C=C/C5=CC=CC=C5.C=CC(C1)C(COCC2=CC=CC=[N+]2C3=CC=CC=C3)CC1/C=C/C4=CC=CC=C4,,Yes,-4.7,0.5,0,-14.1,0,-13.6,14.5,0,3.6,0,0,0,-0.1,0,18,-1.08,3.68,-0.295019157,Yes,Yes,weak base,KHCO3(0.1M),FALSE,H-Cell,Journal of the American Chemical Society 2021. DOI: 10.1021/jacs.0c12478.,
C=CC(C1)C(CN2C=[N+](C)C(C3=CC=CC=C3)=C2C4=CC=CC=C4)CC1/C=C/C5=CC=CC=C5.C=CC(C1)C(COCC2=CC=CC=[N+]2C3=CC=CC=C3)CC1/C=C/C4=CC=CC=C4,,Yes,-3.5,1.8,7.2,-16.9,0,-7.9,9.4,0,-1.6,0,0,0,0.8,0,8.6,-1.08,2.56,-0.509578544,Yes,Yes,weak base,KHCO3(0.1M),FALSE,H-Cell,Journal of the American Chemical Society 2021. DOI: 10.1021/jacs.0c12478.,
C=CC(C1)C(CNC(NC2=CC(C(F)(F)F)=CC(C(F)(F)F)=C2)=O)CC1/C=C/C3=CC=CC=C3.C=CC(C1)C(COCC2=CC=CC=[N+]2C3=CC=CC=C3)CC1/C=C/C4=CC=CC=C4,,Yes,5.1,0,-0.4,-0.6,0,-1,-1.9,0,-0.7,0,0,0,-0.4,0,-3,-1.08,4.51,-0.136015326,Yes,Yes,weak base,KHCO3(0.1M),FALSE,H-Cell,Journal of the American Chemical Society 2021. DOI: 10.1021/jacs.0c12478.,
C=CC(C1)C(CNC(NC2=CC(C(F)(F)F)=CC(C(F)(F)F)=C2)=O)CC1/C=C/C3=CC=CC=C3.C=CC(C1)C(CN2C=[N+](C)C(C3=CC=CC=C3)=C2C4=CC=CC=C4)CC1/C=C/C5=CC=CC=C5.C=CC(C1)C(COCC2=CC=CC=[N+]2C3=CC=CC=C3)CC1/C=C/C4=CC=CC=C4,,Yes,-17.8,0.1,-0.5,-19.9,0,-20.3,37.5,0,5.9,0,0,0,-0.2,0,43.2,-1.08,4.49,-0.139846743,Yes,Yes,weak base,KHCO3(0.1M),FALSE,H-Cell,Journal of the American Chemical Society 2021. DOI: 10.1021/jacs.0c12478.,
C=CC(C1)C(CNC(NC2=CC(C(F)(F)F)=CC(C(F)(F)F)=C2)=O)CC1/C=C/C3=CC=CC=C3.C=CC(C1)C(CN2C=[N+](C)C(C3=CC=CC=C3)=C2C4=CC=CC=C4)CC1/C=C/C5=CC=CC=C5.C=CC(C1)C(COCC2=CC=CC=[N+]2C3=CC=CC=C3)CC1/C=C/C4=CC=CC=C4,block polymer,Yes,-9.2,0.1,0.6,-11.5,0,-10.8,12.2,0,5.1,0,0,0,1.6,0,18.9,-1.08,4.05,-0.224137931,Yes,Yes,weak base,KHCO3(0.1M),FALSE,H-Cell,Journal of the American Chemical Society 2021. DOI: 10.1021/jacs.0c12478.,
NC1=NN=C(S)S1,,No,-58,-1,14,0,0,13,21,0,31,0,0,0,0,0,52,-1.2,73,0.921052632,Yes,Yes,weak base,KHCO3(0.1M),FALSE,H-Cell,"Nature Communications 2021, 12 (1), 7210. DOI: 10.1038/s41467-021-27456-5.",
NC1=NNC(S)=N1,,No,-56,-2,10,-1,0,7,22,0,26,0,0,0,0,0,48,-1.2,69,0.815789474,Yes,Yes,weak base,KHCO3(0.1M),FALSE,H-Cell,"Nature Communications 2021, 12 (1), 7210. DOI: 10.1038/s41467-021-27456-5.",
NCCS,,No,-44,7,8,17,0,32,10,0,2,0,0,0,0,0,12,-1.2,30,-0.210526316,Yes,Yes,weak base,KHCO3(0.1M),FALSE,H-Cell,"Nature Communications 2021, 12 (1), 7210. DOI: 10.1038/s41467-021-27456-5.",
CCCS,,No,1,-2,0.5,-3.5,0,-5,-1,0,2,0,0,0,0,0,1,-1.2,20,-0.473684211,Yes,Yes,weak base,KHCO3(0.1M),FALSE,H-Cell,"Nature Communications 2021, 12 (1), 7210. DOI: 10.1038/s41467-021-27456-5.",
F/C(F)=C(F)\F,PTFE,Yes,-16.2,-1.9,3.5,0,0,1.6,-22.8,0,0,0,-0.2,0,0,0,-23,-1,250,1,Yes,Yes,weak base,KHCO3(1M),FALSE,GDE,"Nature Communications 2021, 12 (1), 136. DOI: 10.1038/s41467-020-20397-5.",
SC1=CC=NC=C1,,No,0,-44,54,0,0,10,-11,0,0,0,0,0,0,0,-11,-0.38,100,0,No,No,basic,KOH(5M),TRUE,GDE,"Angewandte Chemie International Edition 2022, n/a (n/a), https://doi.org/10.1002/anie.202206279",
SC1=CC=NC=C1,,No,-1,5,24,0,0,29,-20,0,0,0,0,0,0,0,-20,-0.48,500,0,No,No,basic,KOH(5M),TRUE,GDE,"Angewandte Chemie International Edition 2022, n/a (n/a), https://doi.org/10.1002/anie.202206279",
CCCCN1C=[N+](C)C=C1.O=C(C1=CC(C(O)=O)=CC(C(O)=O)=C1)O,IL@MOF,No,-38,-4.5,0,-2,0,-6.5,47,0,0,0,0,0,0,0,47,-1.5,35,0.944444444,Yes,Yes,weak base,KHCO3(0.1M),FALSE,H-Cell,"Angewandte Chemie International Edition 2022, n/a (n/a), https://doi.org/10.1002/anie.202200039",
F/C(F)=C(F)\F,PTFE,Yes,-35,-1.5,-4,-1,0,-6.5,23,0,20,0,0,0,0,0,43,-1.5,300,0,Yes,No,weak base,KHCO3(0.1M),FALSE,GDE,Journal of the American Chemical Society 2022. DOI: 10.1021/jacs.1c11253.,the FE data are from H-Cell
NC1C(N)CCCC1.O=CC1=CC(C=O)=CC(C=O)=C1,cage,Yes,-14,3,-2,0,0,1,-5,0,25,0,-11,0,2,0,11,-0.9,1600,4.333333333,Yes,Yes,basic,KOH(1M),FALSE,GDE,"Angewandte Chemie International Edition 2022, n/a (n/a), https://doi.org/10.1002/anie.202202607.",
C12C(CCCC2)NCN1.O=CC1=CC(C=O)=CC(C=O)=C1,"cage, reduced",Yes,-12,5,-1,0,0,4,-4,0,23,0,-12,0,1,0,8,-0.9,1500,4,Yes,Yes,basic,KOH(1M),FALSE,GDE,"Angewandte Chemie International Edition 2022, n/a (n/a), https://doi.org/10.1002/anie.202202607.",
NCCN.O=CC1=CC(C=O)=CC(C=O)=C1,cage,Yes,17,12,-2,0,0,10,-14,0,14,0,-16,0,-9,0,-25,-0.9,200,-0.333333333,Yes,Yes,basic,KOH(1M),FALSE,GDE,"Angewandte Chemie International Edition 2022, n/a (n/a), https://doi.org/10.1002/anie.202202607.",
NCCN.O=CC1=CC(C=O)=CC(C=O)=C1,"cage, reduced",Yes,-12,12,-3,0,0,9,5,0,16,0,-15,0,1,0,7,-0.9,850,1.833333333,Yes,Yes,basic,KOH(1M),FALSE,GDE,"Angewandte Chemie International Edition 2022, n/a (n/a), https://doi.org/10.1002/anie.202202607.",
CC(N)CN.O=CC1=CC(C=O)=CC(C=O)=C1,cage,Yes,-13,14,-2,0,0,12,-2,0,17,0,-14,0,0,0,1,-0.9,580,0.933333333,Yes,Yes,basic,KOH(1M),FALSE,GDE,"Angewandte Chemie International Edition 2022, n/a (n/a), https://doi.org/10.1002/anie.202202607.",
F/C(F)=C(F)\F,PTFE,Yes,-3,9,-3,0,0,6,1,0,16,0,-5,0,-9,0,3,-0.9,700,1.333333333,Yes,Yes,basic,KOH(1M),FALSE,GDE,"Angewandte Chemie International Edition 2022, n/a (n/a), https://doi.org/10.1002/anie.202202607.",
C1(C=C2)=CC=C[N+]3=CC[N+]4=CC=CC2=C4C13,,Yes,3,-10,0,0,0,-10,10,0,0,0,0,0,0,0,10,-1.7,95,0.266666667,No,Yes,weak base,KHCO3(0.1M),FALSE,MEA,"ACS Energy Lett. 2020, 5, 9, 2811–2818",assume anode voltage 2.0V vs RHE
F/C(F)=C(F)\F.F/C(OC(C(CC(F)(C(F)(S(=O)(O)=O)F)F)(F)C(F)(F)F)(F)F)=C(F)\F.C1(C=C2)=CC=C[N+]3=CC[N+]4=CC=CC2=C4C13,,Yes,3,-10,0,0,0,-10,7,0,0,0,0,0,0,0,7,-2.3,450,5,No,Yes,weak base,KHCO3(0.1M),FALSE,MEA,"ACS Energy Lett. 2020, 5, 9, 2811–2818",assume anode voltage 2.0V vs RHE
F/C(F)=C(F)\F.F/C(OC(C(CC(F)(C(F)(S(=O)(O)=O)F)F)(F)C(F)(F)F)(F)F)=C(F)\F,,Yes,-1,-12,0,0,0,-12,22,0,0,0,0,0,0,0,22,-2.3,380,4.066666667,No,Yes,weak base,KHCO3(0.1M),FALSE,MEA,"ACS Energy Lett. 2020, 5, 9, 2811–2819",assume anode voltage 2.0V vs RHE
F/C(F)=C(F)\F.F/C(OC(C(CC(F)(C(F)(S(=O)(O)=O)F)F)(F)C(F)(F)F)(F)F)=C(F)\F,,Yes,1,-4,4,0,0,0,19,0,-10,0,-3,0,-3,0,3,-2.3,300,1,No,Yes,weak base,KHCO3(0.1M),FALSE,MEA,"ACS Energy Lett. 2020, 5, 9, 2811–2820",assume anode voltage 2.0V vs RHE
CCCCCCCCCCCCCCCC[N+](C)(C)C.[Br-],CTAB,No,8,-0.5,-3,0,0,-3.5,0,0,0,0,0,0,0,0,0,-0.77,0.3,-0.7,Yes,Yes,weak base,KHCO3(0.1M),FALSE,H-Cell,"ACS Catal. 2019, 9, 6, 5631–5637",assume anode voltage 2.0V vs RHE
CCCCCCCC/C=C\CCCCCCCC(O)=O,,No,-77,-1,-13,0,0,-14,0,0,0,0,0,0,0,0,0,-0.8,0.3,-1.7,Yes,Yes,weak base,KHCO3(0.1M),FALSE,H-Cell,"ACS Catal. 2019, 9, 6, 5631–5637",assume anode voltage 2.0V vs RHE
CCCCCCCCCCCCCCCC[N+](C)(C)C.[Br-],CTAB,No,-55,12.2,16,-0.5,0,27.7,4,0,0,0,0,0,0,0,4,-1.05,9,-0.689655172,Yes,Yes,weak base,Li2CO3(0.05M),FALSE,H-Cell,"ACS Catal. 2020, 10, 17, 9907–9914",
CCCCCCCCCCCCCCCC[N+](C)(C)C.[Br-],CTAB,No,-45,9,9.5,2.8,0,21.3,3,0,0,0,0,0,0,0,3,-1.05,9,-0.181818182,Yes,Yes,weak base,Na2CO3(0.05M),FALSE,H-Cell,"ACS Catal. 2020, 10, 17, 9907–9914",
CCCCCCCCCCCCCCCC[N+](C)(C)C.[Br-],CTAB,No,-25,6,6,1.9,0,13.9,-2,0,0,0,0,0,0,0,-2,-1.05,9,-0.25,Yes,Yes,weak base,K2CO3(0.05M),FALSE,H-Cell,"ACS Catal. 2020, 10, 17, 9907–9914",
CCCCCCCCCCCCCCCC[N+](C)(C)C.[Br-],CTAB,No,-28,4,22,0.5,0,26.5,-10,0,0,0,0,0,0,0,-10,-1.05,11,0.1,Yes,Yes,weak base,Cs2CO3(0.05M),FALSE,H-Cell,"ACS Catal. 2020, 10, 17, 9907–9914",
CCCCCCCCCCCCCCCC[N+](C)(C)C,,No,-20,20,0,0,0,20,0,0,0,0,0,0,0,0,0,-0.8,0.5,-0.411764706,Yes,Yes,weak base,NaHCO3(0.1M),FALSE,H-Cell,"J. Phys. Chem. Lett. 2020, 11, 14, 5457–5463",
C=CC(NCCCCCCN)=O,,No,-7,0,-19.5,-2,0,-21.5,45,0,16,0,-3.5,0,0,0,57.5,-0.97,450,1.25,Yes,Yes,basic,KOH(1M),FALSE,GDE,"Nature Catalysis volume 4, pages20–27 (2021)",
C=CC(NCCCCCCN)=O.C=CC(NCCCCCC[N+](C)(C)C)=O,,No,0,0,-13,-1,0,-14,27,0,4,0,4,0,0,0,35,-0.97,350,0.75,Yes,Yes,basic,KOH(1M),FALSE,GDE,"Nature Catalysis volume 4, pages20–27 (2021)",
C=CC(NCCCCCCN)=O.C=CC(NCCCCCC[N+](C)(C)C)=O,,No,2,0,-7,0,0,-7,15,0,-4,0,5,0,0,0,16,-0.97,300,0.5,Yes,Yes,basic,KOH(1M),FALSE,GDE,"Nature Catalysis volume 4, pages20–27 (2021)",
C=CC(NCCCCCC[N+](C)(C)C)=O,,No,18,0,-10,0,0,-10,4,0,-3.5,0,0,0,0,0,0.5,-0.97,230,0.15,Yes,Yes,basic,KOH(1M),FALSE,GDE,"Nature Catalysis volume 4, pages20–27 (2021)",
C=CC(NCCN)=O,,No,-10,-4,-20,-2,0,-26,28,0,-4,0,-4,0,0,0,20,-0.78,300,-1,Yes,No,basic,KOH(1M),FALSE,GDE,"Nature Catalysis volume 4, pages20–27 (2021)",
C12=CC=C[N+]3=C1C4=C(C=CC=[N+]4CC3)C=C2,,Yes,-26,-1.5,5,-20,0,-16.5,24,0,6,0,0,0,1,0,31,-1.07,3,0,Yes,Yes,weak base,KHCO3(0.1M),FALSE,H-Cell,Angewandte Chemie International Edition 2019 https://doi.org/10.1002/ange.201907935,
CC(C=C1)=CC=C1[N+]2=CC=CC=C2,,Yes,-26,0,6,-19,0,-13,20,0,22,0,0,0,2,0,44,-1.07,3,0,Yes,Yes,weak base,KHCO3(0.1M),FALSE,H-Cell,Angewandte Chemie International Edition 2019 https://doi.org/10.1002/ange.201907935,
OC1=C(O)C=C(CCN)C=C1,,Yes,0,0,0,16,0,16,0,0,0,0,0,0,0,0,0,-0.93,20,0,Yes,Yes,weak base,KHCO3(0.5M),FALSE,H-Cell,https://chemistry-europe.onlinelibrary.wiley.com/doi/epdf/10.1002/celc.201801132,
NCCC1=CC=CC=C1,,Yes,4,29,0,-12,0,17,-14,0,0,0,0,0,0,0,-14,-0.93,20,0,Yes,Yes,weak base,KHCO3(0.5M),FALSE,H-Cell,https://chemistry-europe.onlinelibrary.wiley.com/doi/epdf/10.1002/celc.201801132,
OC1=CC=CC=C1,,Yes,-1,0,0,-9,0,-9,9,0,0,0,0,0,0,0,9,-0.93,20,0,Yes,Yes,weak base,KHCO3(0.5M),FALSE,H-Cell,https://chemistry-europe.onlinelibrary.wiley.com/doi/epdf/10.1002/celc.201801132,
NC1=NC(N)=NN1,,No,15.1,-12.2,-20.7,2,0,-30.9,35.4,0,15.8,0,-4.28,0,3.9,0,50.82,-0.47,37,29.6,Yes,Yes,basic,KOH(1M),FALSE,GDE,"ACS Catal. 2017, 7, 3313-3321   DOI: 10.1021/acscatal.6b03613",
C=CC(N)=O,poly(acrylamide),Yes,0,0,0,-2.2,0,-2.2,14,0.3,1.1,0,0,0,-0.9,0,14.5,-0.95,60,4.6,Yes,Yes,weak base,NaHCO3(0.1M),FALSE,H-Cell,DOI: 10.1021/acscatal.7b04347,
CC(N)=S,,No,-13.4,-6.4,-1.3,0,0,-7.7,22,0,5.8,0,-2.2,0,0,0,25.6,-1.09,400,0,Yes,Yes,basic,KOH(1M),TRUE,GDE,"Angew. Chem. Int. Ed. 2022, 61, e202111700",
CC(N)=S,,No,NaN,NaN,NaN,NaN,NaN,NaN,33.4,NaN,NaN,NaN,NaN,NaN,NaN,NaN,33.4,-1.37,21,7,Yes,No,weak base,KHCO3(0.1M),FALSE,H-Cell,"Angew. Chem. Int. Ed. 2022, 61, e202111700",
OC1=C(O)C=C2C3=CC(O)=C(O)C=C3C4=CC(O)=C(O)C=C4C2=C1,MOF,No,NaN,NaN,NaN,45,NaN,NaN,NaN,NaN,NaN,NaN,NaN,NaN,NaN,NaN,NaN,-1.4,15,6,Yes,No,weak base,KHCO3(0.1M)/KCl(0.1M),FALSE,H-Cell,Angew. Chem. Int. Ed. 10.1002/anie.202010601,
OC1=C(O)C=C2C3=CC(O)=C(O)C=C3C4=CC(O)=C(O)C=C4C2=C1,,No,NaN,NaN,NaN,17,NaN,NaN,NaN,NaN,NaN,NaN,NaN,NaN,NaN,NaN,NaN,-1.5,13,4,Yes,No,weak base,KHCO3(0.1M)/KCl(0.1M),FALSE,H-Cell,Angew. Chem. Int. Ed. 10.1002/anie.202010601,
CC(O[C@@H]1[C@H](OC(C)=O)[C@@H](COC(C)=O)C[C@H]1N2C=NC(C(OC)=O)=N2)=O,,No,8.7,-7.2,NaN,0,NaN,-7.2,-10.5,0,NaN,0,NaN,0,0,NaN,-10.5,-1,10.55,7.37,Yes,Yes,weak base,KHCO3(0.1M),FALSE,H-Cell,"J. Am. Chem. Soc. 2021, 143, 5755−5762",
CC1=NC=CN1,,No,34.5,-11.6,NaN,0,NaN,-11.6,-10.1,0,NaN,0,NaN,0,0,NaN,-10.1,-1,8.4,5.22,Yes,Yes,weak base,KHCO3(0.1M),FALSE,H-Cell,"J. Am. Chem. Soc. 2021, 143, 5755−5762",
O=C(C1=NC=CC=C1)O,,No,17.5,-5.9,NaN,0,NaN,-5.9,-6.2,0,NaN,0,NaN,0,0,NaN,-6.2,-1,8,4.82,Yes,Yes,weak base,KHCO3(0.1M),FALSE,H-Cell,"J. Am. Chem. Soc. 2021, 143, 5755−5762",
OC(=O)c1ccc(cc1)c2ccncc2,,No,40.9,-8,NaN,2,NaN,-6,-8,0,NaN,0,NaN,0,0,NaN,-8,-1,2.89,-0.29,Yes,Yes,weak base,KHCO3(0.1M),FALSE,H-Cell,"J. Am. Chem. Soc. 2021, 143, 5755−5762",
OC(=O)c1cccc(n1)C(O)=O,,No,-11.5,-4.6,NaN,0,NaN,-4.6,9.5,0,NaN,0,NaN,0,0,NaN,9.5,-1,8.08,4.9,Yes,Yes,weak base,KHCO3(0.1M),FALSE,H-Cell,"J. Am. Chem. Soc. 2021, 143, 5755−5762",
O=P(O[O-])=O.[HH],,No,-9.9,-2.8,NaN,0,NaN,-2.8,0.9,0,NaN,0,NaN,0,0,NaN,0.9,-1,5.54,2.36,Yes,Yes,weak base,KHCO3(0.1M),FALSE,H-Cell,"J. Am. Chem. Soc. 2021, 143, 5755−5762",
O=C(N[C@H](C(O)=O)CC(C)C)OCC1=CC=CC=C1,,No,1.7,-8.5,NaN,0,NaN,-8.5,0.2,0,NaN,0,NaN,0,0,NaN,0.2,-1,7.24,4.06,Yes,Yes,weak base,KHCO3(0.1M),FALSE,H-Cell,"J. Am. Chem. Soc. 2021, 143, 5755−5762",
O=P([O-])=O.[OH-],,No,0.5,-7.6,NaN,0,NaN,-7.6,-1.5,0,NaN,0,NaN,0,0,NaN,-1.5,-1,9.88,6.7,Yes,Yes,weak base,KHCO3(0.1M),FALSE,H-Cell,"J. Am. Chem. Soc. 2021, 143, 5755−5762",
O=P([O-])([O-])[O-],,No,-3,-4.6,NaN,0,NaN,-4.6,-1.5,0,NaN,0,NaN,0,0,NaN,-1.5,-1,6.49,3.31,Yes,Yes,weak base,KHCO3(0.1M),FALSE,H-Cell,"J. Am. Chem. Soc. 2021, 143, 5755−5762",
NC1=NNC(N)=N1,,No,23.5,-8.1,NaN,0,NaN,-8.1,-3.5,1,NaN,0,NaN,0,0,NaN,-2.5,-1,11.09,7.91,Yes,Yes,weak base,KHCO3(0.1M),FALSE,H-Cell,"J. Am. Chem. Soc. 2021, 143, 5755−5762",
OC(=O)c1cc(O)c(cc1O)C(O)=O,,No,-5.5,-3.2,NaN,0,NaN,-3.2,2.5,0,NaN,0,NaN,0,0,NaN,2.5,-1,7.39,4.21,Yes,Yes,weak base,KHCO3(0.1M),FALSE,H-Cell,"J. Am. Chem. Soc. 2021, 143, 5755−5762",
OC(=O)c1ccc(C(O)=O)c(O)c1,,No,7.5,-10.6,NaN,0,NaN,-10.6,3.5,0.8,NaN,0,NaN,0,0,NaN,4.3,-1,10.26,7.08,Yes,Yes,weak base,KHCO3(0.1M),FALSE,H-Cell,"J. Am. Chem. Soc. 2021, 143, 5755−5762",
OC1CCCO1,,No,-3.5,-4.6,NaN,0,NaN,-4.6,-6.5,0,NaN,0,NaN,0,0,NaN,-6.5,-1,6.16,2.98,Yes,Yes,weak base,KHCO3(0.1M),FALSE,H-Cell,"J. Am. Chem. Soc. 2021, 143, 5755−5762",
C[C@@H](O)[C@H](N)C(O)=O,,No,19.7,-10.4,NaN,0,NaN,-10.4,-7.1,0,NaN,0,NaN,0,0,NaN,-7.1,-1,7.95,4.77,Yes,Yes,weak base,KHCO3(0.1M),FALSE,H-Cell,"J. Am. Chem. Soc. 2021, 143, 5755−5762",
CC(CO)(CO)C(O)=O,,No,-6.9,-4.1,NaN,0,NaN,-4.1,3.5,0,NaN,0,NaN,0,0,NaN,3.5,-1,4.61,1.43,Yes,Yes,weak base,KHCO3(0.1M),FALSE,H-Cell,"J. Am. Chem. Soc. 2021, 143, 5755−5762",
OC1=CC(O)=CC(O)=C1,,No,7.4,-7.6,NaN,0,NaN,-7.6,-1.5,0,NaN,0,NaN,0,0,NaN,-1.5,-1,4.87,1.69,Yes,Yes,weak base,KHCO3(0.1M),FALSE,H-Cell,"J. Am. Chem. Soc. 2021, 143, 5755−5762",
O[C@H]1CN[C@@H](C1)C(O)=O,,No,-7.7,-2.9,NaN,0,NaN,-2.9,0.1,0,NaN,0,NaN,0,0,NaN,0.1,-1,4.03,0.85,Yes,Yes,weak base,KHCO3(0.1M),FALSE,H-Cell,"J. Am. Chem. Soc. 2021, 143, 5755−5762",
OCC(O)=O,,No,-7.8,-1.5,NaN,0,NaN,-1.5,2.8,0,NaN,0,NaN,0,0,NaN,2.8,-1,7.98,4.8,Yes,Yes,weak base,KHCO3(0.1M),FALSE,H-Cell,"J. Am. Chem. Soc. 2021, 143, 5755−5762",
OC(=O)c1ccc(nc1)c2ccc(C(O)=O)c(O)n2,,No,48.5,-13.5,NaN,0,NaN,-13.5,-10,0,NaN,0,NaN,0,0,NaN,-10,-1,8.1,4.92,Yes,Yes,weak base,KHCO3(0.1M),FALSE,H-Cell,"J. Am. Chem. Soc. 2021, 143, 5755−5762",
OC(=O)c1ccncc1,,No,-11.5,-3.9,NaN,0,NaN,-3.9,8.5,0,NaN,0,NaN,0,0,NaN,8.5,-1,7.13,3.95,Yes,Yes,weak base,KHCO3(0.1M),FALSE,H-Cell,"J. Am. Chem. Soc. 2021, 143, 5755−5762",
O=C(C1=CC=NC=C1)O,,No,32.2,-16.6,NaN,0,NaN,-16.6,-11.5,0,NaN,0,NaN,0,0,NaN,-11.5,-1,7.57,4.39,Yes,Yes,weak base,KHCO3(0.1M),FALSE,H-Cell,"J. Am. Chem. Soc. 2021, 143, 5755−5762",
N[C@@H](CS)C(O)=O,,No,53.5,-16.6,NaN,0,NaN,-16.6,-11.5,0,NaN,0,NaN,0,0,NaN,-11.5,-1,7.74,4.56,Yes,Yes,weak base,KHCO3(0.1M),FALSE,H-Cell,"J. Am. Chem. Soc. 2021, 143, 5755−5762",
C1(C2=NC=CC=C2)=CC=CC=N1,,No,42.5,-8.6,NaN,0,NaN,-8.6,-11.5,0,NaN,0,NaN,0,0,NaN,-11.5,-1,13,9.82,Yes,Yes,weak base,KHCO3(0.1M),FALSE,H-Cell,"J. Am. Chem. Soc. 2021, 143, 5755−5762",
c1ccc(cc1)c2ccccn2,,No,56,-16.6,NaN,0,NaN,-16.6,-11.5,0,NaN,0,NaN,0,0,NaN,-11.5,-1,11.21,8.03,Yes,Yes,weak base,KHCO3(0.1M),FALSE,H-Cell,"J. Am. Chem. Soc. 2021, 143, 5755−5762",
Cc1cc(CO)c(O)c(CO)c1,,No,-11,-6.9,NaN,0,NaN,-6.9,7.5,0,NaN,0,NaN,0,0,NaN,7.5,-1,6.66,3.48,Yes,Yes,weak base,KHCO3(0.1M),FALSE,H-Cell,"J. Am. Chem. Soc. 2021, 143, 5755−5762",
C1(C2=NC(C3=NC=CC=C3)=CC=C2)=CC=CC=N1,,No,48.5,-14.3,NaN,0,NaN,-14.3,-11.5,0,NaN,0,NaN,0,0,NaN,-11.5,-1,14.68,11.5,Yes,Yes,weak base,KHCO3(0.1M),FALSE,H-Cell,"J. Am. Chem. Soc. 2021, 143, 5755−5762",
OC(=O)c1ccccc1O,,No,5.5,-8.2,NaN,0,NaN,-8.2,3.2,0,NaN,0,NaN,0,0,NaN,3.2,-1,7.9,4.72,Yes,Yes,weak base,KHCO3(0.1M),FALSE,H-Cell,"J. Am. Chem. Soc. 2021, 143, 5755−5762",
OC(=O)C#CC(O)=O,,No,-11.5,-4.5,NaN,0,NaN,-4.5,4.4,0,NaN,0,NaN,0,0,NaN,4.4,-1,7.49,4.31,Yes,Yes,weak base,KHCO3(0.1M),FALSE,H-Cell,"J. Am. Chem. Soc. 2021, 143, 5755−5762",
Nc1cccnc1,,No,46.8,-13.2,NaN,0,NaN,-13.2,-10.4,0,NaN,0,NaN,0,0,NaN,-10.4,-1,13.6,10.42,Yes,Yes,weak base,KHCO3(0.1M),FALSE,H-Cell,"J. Am. Chem. Soc. 2021, 143, 5755−5762",
NCCCC(O)=O,,No,-5.5,3.6,NaN,0,NaN,3.6,-0.1,0,NaN,0,NaN,0,0,NaN,-0.1,-1,3.32,0.14,Yes,Yes,weak base,KHCO3(0.1M),FALSE,H-Cell,"J. Am. Chem. Soc. 2021, 143, 5755−5762",
Oc1ccccc1O,,No,56.5,-16.6,NaN,0,NaN,-16.6,-11.5,0,NaN,0,NaN,0,0,NaN,-11.5,-1,12.57,9.39,Yes,Yes,weak base,KHCO3(0.1M),FALSE,H-Cell,"J. Am. Chem. Soc. 2021, 143, 5755−5762",
OCC(CO)(CO)NCC(O)=O,,No,6.2,-10.7,NaN,0,NaN,-10.7,1.7,0,NaN,0,NaN,0,0,NaN,1.7,-1,9.64,6.46,Yes,Yes,weak base,KHCO3(0.1M),FALSE,H-Cell,"J. Am. Chem. Soc. 2021, 143, 5755−5762",
NC1=CC(C2=CC=C(N)C(N)=C2)=CC=C1N,,No,56.7,-16.6,NaN,0,NaN,-16.6,-11.5,0,NaN,0,NaN,0,0,NaN,-11.5,-1,8.75,5.57,Yes,Yes,weak base,KHCO3(0.1M),FALSE,H-Cell,"J. Am. Chem. Soc. 2021, 143, 5755−5762",
Nc1ncnc2nc[nH]c12,,No,48.5,-15.6,NaN,0,NaN,-15.6,-11.5,0,NaN,0,NaN,0,0,NaN,-11.5,-1,9.87,6.69,Yes,Yes,weak base,KHCO3(0.1M),FALSE,H-Cell,"J. Am. Chem. Soc. 2021, 143, 5755−5762",
OC(=O)/C=C/C(O)=O,,No,22.9,-9,NaN,0,NaN,-9,-3.6,0,NaN,0,NaN,0,0,NaN,-3.6,-1,8.29,5.11,Yes,Yes,weak base,KHCO3(0.1M),FALSE,H-Cell,"J. Am. Chem. Soc. 2021, 143, 5755−5762",
OC(=O)c1cccc(c1)C(O)=O,,No,-7.5,-4.9,NaN,0,NaN,-4.9,5.7,0,NaN,0,NaN,0,0,NaN,5.7,-1,7.67,4.49,Yes,Yes,weak base,KHCO3(0.1M),FALSE,H-Cell,"J. Am. Chem. Soc. 2021, 143, 5755−5762",
O=C1C(O)=C(O)[C@@]([H])([C@@H](O)CO)O1,,No,0.3,-4.4,NaN,0,NaN,-4.4,-1,0,NaN,0,NaN,0,0,NaN,-1,-1,4.67,1.49,Yes,Yes,weak base,KHCO3(0.1M),FALSE,H-Cell,"J. Am. Chem. Soc. 2021, 143, 5755−5762",
CC(C)(CO)C(O)=O,,No,-18,-3.5,NaN,0,NaN,-3.5,5.8,0,NaN,0,NaN,0,0,NaN,5.8,-1,6.07,2.89,Yes,Yes,weak base,KHCO3(0.1M),FALSE,H-Cell,"J. Am. Chem. Soc. 2021, 143, 5755−5762",
Nc1cc(ccc1C(O)=O)C(O)=O,,No,-1,-5.5,NaN,0,NaN,-5.5,3,0,NaN,0,NaN,0,0,NaN,3,-1,3.68,0.5,Yes,Yes,weak base,KHCO3(0.1M),FALSE,H-Cell,"J. Am. Chem. Soc. 2021, 143, 5755−5762",
c1cc(ccn1)c2ccncc2,,No,17.6,-7.5,NaN,0,NaN,-7.5,-6.8,0,NaN,0,NaN,0,0,NaN,-6.8,-1,7.48,4.3,Yes,Yes,weak base,KHCO3(0.1M),FALSE,H-Cell,"J. Am. Chem. Soc. 2021, 143, 5755−5762",
CC(N)=S,,No,-1.2,-15.1,NaN,0,NaN,-15.1,-11.5,0,NaN,0,NaN,0,0,NaN,-11.5,-1,8.52,5.34,Yes,Yes,weak base,KHCO3(0.1M),FALSE,H-Cell,"J. Am. Chem. Soc. 2021, 143, 5755−5762",
OC1C(O)C(O)C(O)C(O)C1O,,No,-9.7,-3.9,NaN,1.3,NaN,-2.6,5.4,0,NaN,0,NaN,0,0,NaN,5.4,-1,5,1.82,Yes,Yes,weak base,KHCO3(0.1M),FALSE,H-Cell,"J. Am. Chem. Soc. 2021, 143, 5755−5762",
CC(=O)N[C@H]1C(O)O[C@H](CO)[C@@H](O)[C@@H]1O,,No,-9.2,-5.3,NaN,0,NaN,-5.3,7.6,0,NaN,0,NaN,0,0,NaN,7.6,-1,6.99,3.81,Yes,Yes,weak base,KHCO3(0.1M),FALSE,H-Cell,"J. Am. Chem. Soc. 2021, 143, 5755−5762",
O[C@H]1CN[C@H](C1)C(O)=O,,No,-0.8,-0.6,NaN,0,NaN,-0.6,-0.2,0,NaN,0,NaN,0,0,NaN,-0.2,-1,4.86,1.68,Yes,Yes,weak base,KHCO3(0.1M),FALSE,H-Cell,"J. Am. Chem. Soc. 2021, 143, 5755−5762",
NC1(CCCCC1)C(O)=O,,No,-9.7,-7.1,NaN,0,NaN,-7.1,7.7,0,NaN,0,NaN,0,0,NaN,7.7,-1,4.77,1.59,Yes,Yes,weak base,KHCO3(0.1M),FALSE,H-Cell,"J. Am. Chem. Soc. 2021, 143, 5755−5762",
O[P](O)(=O)c1ccncc1,,No,-8.2,-9.6,NaN,0,NaN,-9.6,12.3,0,NaN,0,NaN,0,0,NaN,12.3,-1,7.86,4.68,Yes,Yes,weak base,KHCO3(0.1M),FALSE,H-Cell,"J. Am. Chem. Soc. 2021, 143, 5755−5762",
OC[C@H]1OC(O)[C@H](O)[C@@H](O)[C@@H]1O,,No,-16.7,-6.6,NaN,0,NaN,-6.6,6.4,0,NaN,0,NaN,0,0,NaN,6.4,-1,5.83,2.65,Yes,Yes,weak base,KHCO3(0.1M),FALSE,H-Cell,"J. Am. Chem. Soc. 2021, 143, 5755−5762",
OCC(CO)(CO)CO,,No,-18.5,-4.1,NaN,0,NaN,-4.1,10.3,0,NaN,0,NaN,0,0,NaN,10.3,-1,5.1,1.92,Yes,Yes,weak base,KHCO3(0.1M),FALSE,H-Cell,"J. Am. Chem. Soc. 2021, 143, 5755−5762",
OCC(O)=O,,No,-3.8,-9.9,NaN,0,NaN,-9.9,-4.3,0,NaN,0,NaN,0,0,NaN,-4.3,-1,3.81,0.63,Yes,Yes,weak base,KHCO3(0.1M),FALSE,H-Cell,"J. Am. Chem. Soc. 2021, 143, 5755−5762",
CC(O)C(O)=O,,No,-15.5,-4.6,NaN,0,NaN,-4.6,5.8,0,NaN,0,NaN,0,0,NaN,5.8,-1,6.81,3.63,Yes,Yes,weak base,KHCO3(0.1M),FALSE,H-Cell,"J. Am. Chem. Soc. 2021, 143, 5755−5762",
Oc1ccncc1,,No,-16,-5.8,NaN,0,NaN,-5.8,6.7,0,NaN,0,NaN,0,0,NaN,6.7,-1,7.97,4.79,Yes,Yes,weak base,KHCO3(0.1M),FALSE,H-Cell,"J. Am. Chem. Soc. 2021, 143, 5755−5762",
OCc1ccccc1,,No,21,-8.9,NaN,0,NaN,-8.9,-1.8,0,NaN,0,NaN,0,0,NaN,-1.8,-1,10,6.82,Yes,Yes,weak base,KHCO3(0.1M),FALSE,H-Cell,"J. Am. Chem. Soc. 2021, 143, 5755−5762",
O=S(C1=CC(P(C2=CC=CC(S(=O)([O-])=O)=C2)C3=CC=CC(S(=O)([O-])=O)=C3)=CC=C1)([O-])=O,,No,-15,-5.3,NaN,0,NaN,-5.3,7.3,0,NaN,0,NaN,0,0,NaN,7.3,-1,5.84,2.66,Yes,Yes,weak base,KHCO3(0.1M),FALSE,H-Cell,"J. Am. Chem. Soc. 2021, 143, 5755−5762",
ON1C(=O)c2ccccc2C1=O,,No,-15.5,-5.3,NaN,0,NaN,-5.3,9.4,0,NaN,0,NaN,0,0,NaN,9.4,-1,8.43,5.25,Yes,Yes,weak base,KHCO3(0.1M),FALSE,H-Cell,"J. Am. Chem. Soc. 2021, 143, 5755−5762",
O[P](=O)(c1ccccc1)c2ccccc2,,No,28.8,-14.1,NaN,0,NaN,-14.1,-5.3,0,NaN,0,NaN,0,0,NaN,-5.3,-1,11.21,8.03,Yes,Yes,weak base,KHCO3(0.1M),FALSE,H-Cell,"J. Am. Chem. Soc. 2021, 143, 5755−5762",
COC(=O)c1cc(OC)ccn1,,No,-10.6,-0.9,NaN,0,NaN,-0.9,3.2,0,NaN,0,NaN,0,0,NaN,3.2,-1,7.77,4.59,Yes,Yes,weak base,KHCO3(0.1M),FALSE,H-Cell,"J. Am. Chem. Soc. 2021, 143, 5755−5762",
COc1ccnc(c1)c2cc(OC)ccn2,,No,32,-13.65,NaN,0,NaN,-13.65,-10.7,0,NaN,0,NaN,0,0,NaN,-10.7,-1,10.1,6.92,Yes,Yes,weak base,KHCO3(0.1M),FALSE,H-Cell,"J. Am. Chem. Soc. 2021, 143, 5755−5762",
Oc1cccc[n+]1[O-],,No,-10.7,-2.4,NaN,0,NaN,-2.4,4.3,0,NaN,0,NaN,0,0,NaN,4.3,-1,7.93,4.75,Yes,Yes,weak base,KHCO3(0.1M),FALSE,H-Cell,"J. Am. Chem. Soc. 2021, 143, 5755−5762",
C#CCCCCO,,No,-13.6,-5,NaN,0,NaN,-5,2.9,0,NaN,0,NaN,0,0,NaN,2.9,-1,4.49,1.31,Yes,Yes,weak base,KHCO3(0.1M),FALSE,H-Cell,"J. Am. Chem. Soc. 2021, 143, 5755−5762",
OCc1occc1,,No,-14.9,-5.9,NaN,0,NaN,-5.9,2.8,0,NaN,0,NaN,0,0,NaN,2.8,-1,5.81,2.63,Yes,Yes,weak base,KHCO3(0.1M),FALSE,H-Cell,"J. Am. Chem. Soc. 2021, 143, 5755−5762",
COC(=O)c1ccc(nc1)C(O)=O,,No,-17.8,-3.8,NaN,0,NaN,-3.8,-0.5,0,NaN,0,NaN,0,0,NaN,-0.5,-1,6.59,3.41,Yes,Yes,weak base,KHCO3(0.1M),FALSE,H-Cell,"J. Am. Chem. Soc. 2021, 143, 5755−5762",
CC(N)CO,,No,-13.4,-6.6,NaN,0,NaN,-6.6,5.9,0,NaN,0,NaN,0,0,NaN,5.9,-1,6.32,3.14,Yes,Yes,weak base,KHCO3(0.1M),FALSE,H-Cell,"J. Am. Chem. Soc. 2021, 143, 5755−5762",
O[C@@H]([C@H](O)C(O)=O)C(O)=O,,No,-17.9,-4.9,NaN,0,NaN,-4.9,6.9,0,NaN,0,NaN,0,0,NaN,6.9,-1,5.18,2,Yes,Yes,weak base,KHCO3(0.1M),FALSE,H-Cell,"J. Am. Chem. Soc. 2021, 143, 5755−5762",
NCCCC[C@H](N)C(O)=O,,No,-11.8,-7.9,NaN,0,NaN,-7.9,7.9,0,NaN,0,NaN,0,0,NaN,7.9,-1,8.32,5.14,Yes,Yes,weak base,KHCO3(0.1M),FALSE,H-Cell,"J. Am. Chem. Soc. 2021, 143, 5755−5762",
N[C@@H](CCCNC(N)=N)C(O)=O,,No,0.7,-3.5,NaN,0,NaN,-3.5,2,0,NaN,0,NaN,0,0,NaN,2,-1,5.35,2.17,Yes,Yes,weak base,KHCO3(0.1M),FALSE,H-Cell,"J. Am. Chem. Soc. 2021, 143, 5755−5762",
Oc1ccc(O)cc1,,No,-5,-8.4,NaN,0,NaN,-8.4,4.9,0,NaN,0,NaN,0,0,NaN,4.9,-1,7.77,4.59,Yes,Yes,weak base,KHCO3(0.1M),FALSE,H-Cell,"J. Am. Chem. Soc. 2021, 143, 5755−5762",
Nc1cccnc1C(O)=O,,No,49.4,-14.3,NaN,0,NaN,-14.3,-11.5,0,NaN,0,NaN,0,0,NaN,-11.5,-1,9.26,6.08,Yes,Yes,weak base,KHCO3(0.1M),FALSE,H-Cell,"J. Am. Chem. Soc. 2021, 143, 5755−5762",
N[C@@H](Cc1ccc(O)cc1)C(O)=O,,No,27.8,-12,NaN,0,NaN,-12,-9.7,0,NaN,0,NaN,0,0,NaN,-9.7,-1,4.73,1.55,Yes,Yes,weak base,KHCO3(0.1M),FALSE,H-Cell,"J. Am. Chem. Soc. 2021, 143, 5755−5762",
OC(=O)c1ccc2ncccc2c1,,No,47.7,-15.6,NaN,0,NaN,-15.6,-11.5,0,NaN,0,NaN,0,0,NaN,-11.5,-1,10.1,6.92,Yes,Yes,weak base,KHCO3(0.1M),FALSE,H-Cell,"J. Am. Chem. Soc. 2021, 143, 5755−5762",
N[C@@H](Cc1c[nH]cn1)C(O)=O,,No,-14.4,-4.8,NaN,0,NaN,-4.8,8.1,0,NaN,0,NaN,0,0,NaN,8.1,-1,7.27,4.09,Yes,Yes,weak base,KHCO3(0.1M),FALSE,H-Cell,"J. Am. Chem. Soc. 2021, 143, 5755−5762",
c1cnc2c(c1)ccc3cccnc23,,No,40,-4.4,NaN,0,NaN,-4.4,-11.5,0,NaN,0,NaN,0,0,NaN,-11.5,-1,8.35,5.17,Yes,Yes,weak base,KHCO3(0.1M),FALSE,H-Cell,"J. Am. Chem. Soc. 2021, 143, 5755−5762",
COc1ccc(O)c(C)c1C,,No,13.4,-7.8,NaN,0,NaN,-7.8,-6.6,0,NaN,0,NaN,0,0,NaN,-6.6,-1,8.79,5.61,Yes,Yes,weak base,KHCO3(0.1M),FALSE,H-Cell,"J. Am. Chem. Soc. 2021, 143, 5755−5762",
CC1=CC(=O)C(=C(C)C1=O)C,,No,5.7,-8.9,NaN,0,NaN,-8.9,-5.2,0,NaN,0,NaN,0,0,NaN,-5.2,-1,8.27,5.09,Yes,Yes,weak base,KHCO3(0.1M),FALSE,H-Cell,"J. Am. Chem. Soc. 2021, 143, 5755−5762",
OC(=O)C1CC(C(C1C(O)=O)C(O)=O)C(O)=O,,No,33.6,-10.9,NaN,0,NaN,-10.9,-10.5,0,NaN,0,NaN,0,0,NaN,-10.5,-1,5.45,2.27,Yes,Yes,weak base,KHCO3(0.1M),FALSE,H-Cell,"J. Am. Chem. Soc. 2021, 143, 5755−5762",
OCC#C,,No,-17.7,-6.7,NaN,0,NaN,-6.7,11,0,NaN,0,NaN,0,0,NaN,11,-1,7.96,4.78,Yes,Yes,weak base,KHCO3(0.1M),FALSE,H-Cell,"J. Am. Chem. Soc. 2021, 143, 5755−5762",
CCC(O)C#C,,No,-13.4,-4,NaN,0,NaN,-4,-1.1,0,NaN,0,NaN,0,0,NaN,-1.1,-1,4.38,1.2,Yes,Yes,weak base,KHCO3(0.1M),FALSE,H-Cell,"J. Am. Chem. Soc. 2021, 143, 5755−5762",
Oc1ccc(I)cc1,,No,47.7,-15.2,NaN,0,NaN,-15.2,-11.2,0,NaN,0,NaN,0,0,NaN,-11.2,-1,9,5.82,Yes,Yes,weak base,KHCO3(0.1M),FALSE,H-Cell,"J. Am. Chem. Soc. 2021, 143, 5755−5762",
NCC(=O)NCC(O)=O,,No,-15.5,-3.6,NaN,19.1,NaN,15.5,0.8,0,NaN,0,NaN,0,0,NaN,0.8,-1,4.16,0.98,Yes,Yes,weak base,KHCO3(0.1M),FALSE,H-Cell,"J. Am. Chem. Soc. 2021, 143, 5755−5762",
C1O[C@@H]1c2ccccc2,,No,50.5,-16.6,NaN,0,NaN,-16.6,-11.5,0,NaN,0,NaN,0,0,NaN,-11.5,-1,6.33,3.15,Yes,Yes,weak base,KHCO3(0.1M),FALSE,H-Cell,"J. Am. Chem. Soc. 2021, 143, 5755−5762",
Nc1ncnc2n(cnc12)C3OC(CO[P](O)(=O)O[P](O)(=O)O[P](O)(O)=O)C(O)C3O,,No,-5.5,-16.6,NaN,0,NaN,-16.6,-1.5,0,NaN,0,NaN,0,0,NaN,-1.5,-1,7.77,4.59,Yes,Yes,weak base,KHCO3(0.1M),FALSE,H-Cell,"J. Am. Chem. Soc. 2021, 143, 5755−5762",
Nc1ncnc2n(cnc12)C3OC(CO[P](O)(=O)O[P](O)(O)=O)C(O)C3O,,No,-10.5,-16.6,NaN,0,NaN,-16.6,3.8,0,NaN,0,NaN,0,0,NaN,3.8,-1,4.3,1.12,Yes,Yes,weak base,KHCO3(0.1M),FALSE,H-Cell,"J. Am. Chem. Soc. 2021, 143, 5755−5762",
OC[C@H](O)[C@@H](O)[C@H](O)[C@H](O)CO,,No,-19.5,-7.9,NaN,0,NaN,-7.9,13.1,0,NaN,0,NaN,0,0,NaN,13.1,-1,7.57,4.39,Yes,Yes,weak base,KHCO3(0.1M),FALSE,H-Cell,"J. Am. Chem. Soc. 2021, 143, 5755−5762",
OC[C@@H](O)[C@H](O)[C@@H](O)C=O,,No,-6,-7.5,NaN,0,NaN,-7.5,-0.5,0,NaN,0,NaN,0,0,NaN,-0.5,-1,3.52,0.34,Yes,Yes,weak base,KHCO3(0.1M),FALSE,H-Cell,"J. Am. Chem. Soc. 2021, 143, 5755−5762",
OCC1(O)OC[C@@H](O)[C@@H](O)[C@@H]1O,,No,-16.3,-6.2,NaN,0,NaN,-6.2,2.7,0,NaN,0,NaN,0,0,NaN,2.7,-1,3.67,0.49,Yes,Yes,weak base,KHCO3(0.1M),FALSE,H-Cell,"J. Am. Chem. Soc. 2021, 143, 5755−5762",
OC[C@@H](O)[C@@H](O)[C@@H](O)C=O,,No,3.1,-4.8,NaN,0,NaN,-4.8,-7.5,0,NaN,0,NaN,0,0,NaN,-7.5,-1,3.82,0.64,Yes,Yes,weak base,KHCO3(0.1M),FALSE,H-Cell,"J. Am. Chem. Soc. 2021, 143, 5755−5762",
CC(C)(O)C(O)=O,,No,-2,-8.9,NaN,0,NaN,-8.9,-0.5,0,NaN,0,NaN,0,0,NaN,-0.5,-1,4.43,1.25,Yes,Yes,weak base,KHCO3(0.1M),FALSE,H-Cell,"J. Am. Chem. Soc. 2021, 143, 5755−5762",
OCC(F)(F)F,,No,-20.1,-6.4,NaN,0,NaN,-6.4,2.7,0,NaN,0,NaN,0,0,NaN,2.7,-1,7.09,3.91,Yes,Yes,weak base,KHCO3(0.1M),FALSE,H-Cell,"J. Am. Chem. Soc. 2021, 143, 5755−5762",
OCC(O)CO,,No,-21,-1.6,NaN,0,NaN,-1.6,5.6,0,NaN,0,NaN,0,0,NaN,5.6,-1,5.05,1.87,Yes,Yes,weak base,KHCO3(0.1M),FALSE,H-Cell,"J. Am. Chem. Soc. 2021, 143, 5755−5762",
OCCN(CCO)CCO,,No,-8.9,-9.5,NaN,0,NaN,-9.5,6.6,0,NaN,0,NaN,0,0,NaN,6.6,-1,5.01,1.83,Yes,Yes,weak base,KHCO3(0.1M),FALSE,H-Cell,"J. Am. Chem. Soc. 2021, 143, 5755−5762",
OCCNCCO,,No,-14.6,-8.4,NaN,0,NaN,-8.4,10.7,0,NaN,0,NaN,0,0,NaN,10.7,-1,7.49,4.31,Yes,Yes,weak base,KHCO3(0.1M),FALSE,H-Cell,"J. Am. Chem. Soc. 2021, 143, 5755−5762",
OCC1OC(O)C(O)C(O)C1O,,No,-17.9,-5.3,NaN,0,NaN,-5.3,5.9,0,NaN,0,NaN,0,0,NaN,5.9,-1,4.41,1.23,Yes,Yes,weak base,KHCO3(0.1M),FALSE,H-Cell,"J. Am. Chem. Soc. 2021, 143, 5755−5762",
OC[C@H]1OC(O)[C@H](O)[C@@H](O)[C@@H]1O,,No,-20.8,-2.7,NaN,0,NaN,-2.7,4.2,0,NaN,0,NaN,0,0,NaN,4.2,-1,4.6,1.42,Yes,Yes,weak base,KHCO3(0.1M),FALSE,H-Cell,"J. Am. Chem. Soc. 2021, 143, 5755−5762",
OC[C@@H](O)[C@@H](O)[C@H](O)[C@H](O)C=O,,No,-17,-7.6,NaN,0,NaN,-7.6,13.6,0,NaN,0,NaN,0,0,NaN,13.6,-1,5.72,2.54,Yes,Yes,weak base,KHCO3(0.1M),FALSE,H-Cell,"J. Am. Chem. Soc. 2021, 143, 5755−5762",
OCC(CO)(CO)NCCCNC(CO)(CO)CO,,No,-15.3,-8.1,NaN,0,NaN,-8.1,15.3,0,NaN,0,NaN,0,0,NaN,15.3,-1,6.05,2.87,Yes,Yes,weak base,KHCO3(0.1M),FALSE,H-Cell,"J. Am. Chem. Soc. 2021, 143, 5755−5762",
OCC(CO)(CO)NCC(O)C[S](O)(=O)=O,,No,-18.9,-5.3,NaN,0,NaN,-5.3,6.8,0,NaN,0,NaN,0,0,NaN,6.8,-1,6.04,2.86,Yes,Yes,weak base,KHCO3(0.1M),FALSE,H-Cell,"J. Am. Chem. Soc. 2021, 143, 5755−5762",
NCC(O)CO,,No,-19.5,-3.6,NaN,0,NaN,-3.6,7.7,0,NaN,0,NaN,0,0,NaN,7.7,-1,7.58,4.4,Yes,Yes,weak base,KHCO3(0.1M),FALSE,H-Cell,"J. Am. Chem. Soc. 2021, 143, 5755−5762",
CC(C)(C)OC(=O)N[C@H](Cc1c[nH]c2ccccc12)C(O)=O,,No,45.5,-14.4,NaN,0,NaN,-14.4,-11.5,0,NaN,0,NaN,0,0,NaN,-11.5,-1,9.8,6.62,Yes,Yes,weak base,KHCO3(0.1M),FALSE,H-Cell,"J. Am. Chem. Soc. 2021, 143, 5755−5762",
OCC(O)C(O)CO,,No,-5.3,-9.9,NaN,0.5,NaN,-9.4,6.8,0,NaN,0,NaN,0,0,NaN,6.8,-1,9.3,6.12,Yes,Yes,weak base,KHCO3(0.1M),FALSE,H-Cell,"J. Am. Chem. Soc. 2021, 143, 5755−5762",
Cc1ccnc(c1)C(O)=O,,No,27.7,-9.2,NaN,0,NaN,-9.2,-7.3,0,NaN,0,NaN,0,0,NaN,-7.3,-1,7.6,4.42,Yes,Yes,weak base,KHCO3(0.1M),FALSE,H-Cell,"J. Am. Chem. Soc. 2021, 143, 5755−5762",
O(c1ccccc1)c2ccccn2,,No,54.5,-15.6,NaN,0,NaN,-15.6,-11.5,0,NaN,0,NaN,0,0,NaN,-11.5,-1,5.7,2.52,Yes,Yes,weak base,KHCO3(0.1M),FALSE,H-Cell,"J. Am. Chem. Soc. 2021, 143, 5755−5762",
O=C1C(C(C(C(C1=O)=O)=O)=O)=O.NC1=CC=C2C(N=C3C=C(N)C(N)=CC3=N2)=C1N,COF,No,-15,-5.5,-2,-0.5,0,-8,15,0,3,0,4,0,0,0,22,NaN,500,0,No,Yes,weak base,KHCO3(0.1M),TRUE,MEA,https://www.nature.com/articles/s41560-022-01188-2,
CC1=CC=C(N2C=CC(C3([H])C=CN(C4=CC=C(C)C=C4)C=C3)([H])C=C2)C=C1,,No,-70.8,1.5,4.6,1.8,0,7.9,30.7,0,20.1,0,1.4,0,2.46,0,54.66,NaN,50,0,No,Yes,acid,H3PO4(1.0M)/[K+](0.1M),FALSE,GDE,10.1002/anie.202216102,
